query,label
google.com,0
facebook.com,0
amazon.com,0
github.com,0
stackoverflow.com,0
wikipedia.org,0
reddit.com,0
youtube.com,0
twitter.com,0
linkedin.com,0
microsoft.com,0
apple.com,0
netflix.com,0
spotify.com,0
medium.com,0
mail.google.com,0
docs.google.com,0
drive.google.com,0
maps.google.com,0
news.ycombinator.com,0
a3f2b1c4d5e6f7a8b9c0d1e2f3a4b5c6.tunnel.example.com,1
MTIzNDU2Nzg5MGFiY2RlZg.evil-tunnel.net,1
6162636465666768696a6b6c6d6e6f70.c2server.xyz,1
JBSWY3DPEHPK3PXP.dns-exfil.org,1
aGVsbG8gd29ybGQgdGhpcyBpcyBhIHRlc3Q.malware-c2.com,1
4f7a8b9c0d1e2f3a4b5c6d7e8f9a0b1c2d3e4f5a.tunnel-test.net,1
xn--nxasmq6b.suspicious-domain.org,1
68656c6c6f776f726c64746869736973.data-exfil.com,1
MFRGGZDFMY.dns-tunnel.io,1
base64encodedpayload.c2-channel.net,1
randomsubdomain123456789abcdef.evil.com,1
a1b2c3d4e5f6a7b8c9d0e1f2a3b4c5d6e7f8.tunneling.xyz,1
GEZDGNBVGY3TQOJQ.covert-dns.org,1
7468697369736162617365363474657374.stealthy-c2.com,1
verylongsubdomainthatcontainsencodeddata123456789.tunnel-domain.net,1
48656c6c6f20576f726c642054686973.exfiltration.io,1
KRSXG5A.short-tunnel.com,1
aW1wb3J0YW50IGRhdGEgaGVyZQ.malicious-dns.net,1
c2VjcmV0IG1lc3NhZ2UgZW5jb2RlZA.c2server.org,1
dGVzdGluZyBkbnMgdHVubmVsaW5n.evil-exfil.com,1
